{
    "Agra": [27.157441862232066, 78.06519310000101],
    "Vijayanagara": [13.42139510807904, 77.78308492997827],
    "Patna": [26.1985443538024, 85.14295038411183],
    "Allahabad": [25.969676611803028, 81.91418433541602],
    "Budaun": [28.77988995002755, 79.21075770283711],
    "Kanchipuram": [13.054672780907396, 79.7570699588274],
    "Thanjavur": [11.730815971707862, 78.95625340466617],
    "Murshidabad": [24.404543674567567, 88.29550841253854],
    "Pune": [19.11279694579083, 73.83035946696397],
    "Munger": [26.232477672631177, 86.40129652155902],
    "Daulatabad Fort": [20.532020795346963, 75.01351072006901],
    "Hanamkonda and Warangal": [18.6059188949507, 79.27927988412489],
    "Addanki": [16.13964444612398, 80.06788071140261],
    "Cochin": [9.919912003243901, 76.25728254922687],
    "Old Goa": [15.500823584652565, 73.92310365130396],
    "Nova Goa": [15.531598220800248, 73.8356926159579],
    "Pulicat": [13.813640091588521, 80.29438850451636],
    "Nagapatnam": [11.161523659039233, 79.99357928433656],
    "Pondicherry": [12.334298083951358, 79.78509653885116],
    "Hazrat Pandua": [25.571479354669716, 88.02706154423474],
    "Tanda": [17.759126305826204, 78.38840773171347],
    "Fatehpur Sikri": [27.575045189857196, 77.72732641882833],
    "Mysore": [12.328008013293086, 76.66081697488676],
    "Padmanabhapuram": [8.339634579927488, 77.30619891026113],
    "Trivandrum": [8.547694335463477, 76.99972056346391],
    "Hyderabad": [17.319879825347204, 78.4564390582159]
}